Type,Base Block,Block,Count,Block,Count
custom,acacia_door,acacia_planks,1,door logic,
custom,acacia_leaves,,,,
custom,attached_melon_stem,,,vanilla but only when sheared,
custom,attached_pumpkin_stem,,,vanilla but only when sheared,
custom,azalea_leaves,,,,
custom,bamboo_sapling,bamboo,1,"drops bamboo when sheared, or nothing",
custom,barrel,,,,
custom,beacon,,,,
custom,bee_nest,,,,
custom,beehive,,,,
custom,beetroots,,,oops all beetroot!,
custom,birch_door,birch_planks,1,door logic,
custom,birch_leaves,,,,
custom,black_banner,,,,
custom,black_candle,,,,
custom,black_shulker_box,,,,
custom,blast_furnace,,,,
custom,blue_banner,,,,
custom,blue_candle,,,,
custom,blue_shulker_box,,,,
custom,brewing_stand,,,,
custom,brown_banner,,,,
custom,brown_candle,,,,
custom,brown_mushroom_block,,,,
custom,brown_shulker_box,,,,
custom,candle,,,,
custom,carrots,,,,
custom,cartography_table,,,,
custom,cave_vines,,,,
custom,cave_vines_plant,,,,
custom,chest,,,,
custom,chorus_flower,,,,
custom,coal_ore,,,,
custom,cocoa,,,,
custom,copper_ore,,,,
custom,crimson_door,crimson_planks,1,door logic,
custom,cyan_banner,,,,
custom,cyan_candle,,,,
custom,cyan_shulker_box,,,,
custom,dark_oak_door,dark_oak_planks,1,door logic,
custom,dark_oak_leaves,,,,
custom,dead_bush,,,,
custom,deepslate_coal_ore,,,,
custom,deepslate_copper_ore,,,,
custom,deepslate_diamond_ore,,,,
custom,deepslate_emerald_ore,,,,
custom,deepslate_gold_ore,,,,
custom,deepslate_iron_ore,,,,
custom,deepslate_lapis_ore,,,,
custom,deepslate_redstone_ore,,,,
custom,diamond_ore,,,,
custom,dispenser,,,,
custom,dropper,,,,
custom,emerald_ore,,,,
custom,enchanting_table,,,,
custom,fletching_table,,,,
custom,flowering_azalea_leaves,,,,
custom,furnace,,,,
custom,gilded_blackstone,,,,
custom,glow_lichen,,,,
custom,gold_ore,,,,
custom,gray_banner,,,,
custom,gray_candle,,,,
custom,gray_shulker_box,,,,
custom,green_banner,,,,
custom,green_candle,,,,
custom,green_shulker_box,,,,
custom,grindstone,,,,
custom,hopper,,,,
custom,infested_chiseled_stone_bricks,,,,
custom,infested_cobblestone,,,,
custom,infested_cracked_stone_bricks,,,,
custom,infested_deepslate,,,,
custom,infested_mossy_stone_bricks,,,,
custom,infested_stone,,,,
custom,infested_stone_bricks,,,,
custom,iron_door,,1,door logic,
custom,iron_ore,,,,
custom,jungle_door,jungle_planks,1,door logic,
custom,jungle_leaves,,,,
custom,lapis_ore,,,,
custom,light_blue_banner,,,,
custom,light_blue_candle,,,,
custom,light_blue_shulker_box,,,,
custom,light_gray_banner,,,,
custom,light_gray_candle,,,,
custom,light_gray_shulker_box,,,,
custom,lime_banner,,,,
custom,lime_candle,,,,
custom,lime_shulker_box,,,,
custom,magenta_banner,,,,
custom,magenta_candle,,,,
custom,magenta_shulker_box,,,,
custom,mangrove_door,mangrove_planks,1,door logic,
custom,mangrove_leaves,,,,
custom,melon_stem,,,vanilla but only when sheared,
custom,mushroom_stem,,,,
custom,nether_gold_ore,,,,
custom,nether_quartz_ore,,,,
custom,nether_wart,,,,
custom,oak_door,oak_planks,1,door logic,
custom,oak_leaves,,,,
custom,orange_banner,,,,
custom,orange_candle,,,,
custom,orange_shulker_box,,,,
custom,pink_banner,,,,
custom,pink_candle,,,,
custom,pink_shulker_box,,,,
custom,player_head,,,,
custom,potatoes,,,,
custom,pumpkin_stem,,,vanilla but only when sheared,
custom,purple_banner,,,,
custom,purple_candle,,,,
custom,purple_shulker_box,,,,
custom,red_banner,,,,
custom,red_candle,,,,
custom,red_mushroom_block,,,,
custom,red_shulker_box,,,,
custom,redstone_ore,,,,
custom,sculk,,,,
custom,sculk_catalyst,,,,
custom,sculk_sensor,,,,
custom,sculk_shrieker,,,,
custom,sculk_vein,,,,
custom,sea_pickle,,,,
custom,shulker_box,,,,
custom,smithing_table,,,,
custom,smoker,,,,
custom,snow,,,,
custom,spruce_door,spruce_planks,1,door logic,
custom,spruce_leaves,,,,
custom,stonecutter,,,,
custom,sweet_berry_bush,,,,
custom,tall_seagrass,,,,
custom,trapped_chest,,,,
custom,warped_door,warped_planks,1,door logic,
custom,wheat,,,oops all wheat!,
custom,white_banner,,,,
custom,white_candle,,,,
custom,white_shulker_box,,,,
custom,yellow_banner,,,,
custom,yellow_candle,,,,
custom,yellow_shulker_box,,,,
custom,cyan_glazed_terracotta,terracotta,1,,
normal_0,acacia_log,,1,,
normal_0,acacia_planks,,1,,
normal_0,activator_rail,,1,,
normal_0,amethyst_block,,1,,
normal_0,ancient_debris,,1,,
normal_0,andesite,,1,,
normal_0,anvil,,1,,
normal_0,bamboo,,1,,
normal_0,basalt,,1,,
normal_0,bell,,1,,
normal_0,big_dripleaf,,1,,
normal_0,birch_log,,1,,
normal_0,birch_planks,,1,,
normal_0,black_bed,,1,,
normal_0,black_concrete_powder,,1,,
normal_0,black_wool,,1,,
normal_0,blackstone,,1,,
normal_0,blue_bed,,1,,
normal_0,blue_concrete_powder,,1,,
normal_0,blue_wool,,1,,
normal_0,bone_block,,1,,
normal_0,brown_bed,,1,,
normal_0,brown_concrete_powder,,1,,
normal_0,brown_wool,,1,,
normal_0,cactus,,1,,
normal_0,calcite,,1,,
normal_0,campfire,,1,,
normal_0,carved_pumpkin,,1,,
normal_0,cauldron,,1,,
normal_0,chipped_anvil,,1,,
normal_0,clay,,1,,
normal_0,coal_block,,1,,
normal_0,cobbled_deepslate,,1,,
normal_0,cobblestone,,1,,
normal_0,comparator,,1,,
normal_0,composter,,1,,
normal_0,conduit,,1,,
normal_0,copper_block,,1,,
normal_0,crafting_table,,1,,
normal_0,creeper_head,,1,,
normal_0,crimson_planks,,1,,
normal_0,crimson_stem,,1,,
normal_0,crying_obsidian,,1,,
normal_0,cut_copper,,1,,
normal_0,cyan_bed,,1,,
normal_0,cyan_wool,,1,,
normal_0,damaged_anvil,,1,,
normal_0,dark_oak_log,,1,,
normal_0,dark_oak_planks,,1,,
normal_0,daylight_detector,,1,,
normal_0,detector_rail,,1,,
normal_0,diamond_block,,1,,
normal_0,diorite,,1,,
normal_0,dirt,,1,,
normal_0,dragon_egg,,1,,
normal_0,dragon_head,,1,,
normal_0,dried_kelp_block,,1,,
normal_0,dripstone_block,,1,,
normal_0,emerald_block,,1,,
normal_0,end_rod,,1,,
normal_0,end_stone,,1,,
normal_0,exposed_copper,,1,,
normal_0,glowstone,,1,,
normal_0,gold_block,,1,,
normal_0,granite,,1,,
normal_0,gravel,,1,,
normal_0,gray_bed,,1,,
normal_0,gray_concrete_powder,,1,,
normal_0,gray_wool,,1,,
normal_0,green_bed,,1,,
normal_0,green_concrete_powder,,1,,
normal_0,green_wool,,1,,
normal_0,hay_block,,1,,
normal_0,honey_block,,1,,
normal_0,honeycomb_block,,1,,
normal_0,iron_block,,1,,
normal_0,jack_o_lantern,,1,,
normal_0,jukebox,,1,,
normal_0,jungle_log,,1,,
normal_0,jungle_planks,,1,,
normal_0,ladder,,1,,
normal_0,lantern,,1,,
normal_0,lapis_block,,1,,
normal_0,lectern,,1,,
normal_0,light_blue_bed,,1,,
normal_0,light_blue_concrete_powder,,1,,
normal_0,light_blue_wool,,1,,
normal_0,light_gray_bed,,1,,
normal_0,light_gray_concrete_powder,,1,,
normal_0,light_gray_wool,,1,,
normal_0,lime_bed,,1,,
normal_0,lime_concrete_powder,,1,,
normal_0,lime_wool,,1,,
normal_0,lodestone,,1,,
normal_0,loom,,1,,
normal_0,magenta_bed,,1,,
normal_0,magenta_concrete_powder,,1,,
normal_0,magenta_wool,,1,,
normal_0,magma_block,,1,,
normal_0,mangrove_log,,1,,
normal_0,mangrove_planks,,1,,
normal_0,melon,,1,,
normal_0,moss_block,,1,,
normal_0,mud,,1,,
normal_0,nether_wart_block,,1,,
normal_0,netherite_block,,1,,
normal_0,netherrack,,1,,
normal_0,note_block,,1,,
normal_0,oak_log,,1,,
normal_0,oak_planks,,1,,
normal_0,observer,,1,,
normal_0,obsidian,,1,,
normal_0,ochre_froglight,,1,,
normal_0,orange_bed,,1,,
normal_0,orange_concrete_powder,,1,,
normal_0,orange_wool,,1,,
normal_0,oxidized_copper,,1,,
normal_0,oxidized_cut_copper,,1,,
normal_0,packed_mud,,1,,
normal_0,pearlescent_froglight,,1,,
normal_0,pink_bed,,1,,
normal_0,pink_concrete_powder,,1,,
normal_0,pink_wool,,1,,
normal_0,piston,,1,,
normal_0,powered_rail,,1,,
normal_0,prismarine,,1,,
normal_0,pumpkin,,1,,
normal_0,purple_bed,,1,,
normal_0,purple_concrete_powder,,1,,
normal_0,purple_wool,,1,,
normal_0,purpur_block,,1,,
normal_0,quartz_block,,1,,
normal_0,rail,,1,,
normal_0,raw_copper_block,,1,,
normal_0,raw_gold_block,,1,,
normal_0,raw_iron_block,,1,,
normal_0,red_bed,,1,,
normal_0,red_concrete_powder,,1,,
normal_0,red_sand,,1,,
normal_0,red_wool,,1,,
normal_0,redstone_block,,1,,
normal_0,redstone_lamp,,1,,
normal_0,redstone_torch,,1,,
normal_0,repeater,,1,,
normal_0,respawn_anchor,,1,,
normal_0,sand,,1,,
normal_0,scaffolding,,1,,
normal_0,sea_lantern,,1,,
normal_0,shroomlight,,1,,
normal_0,skeleton_skull,,1,,
normal_0,slime_block,,1,,
normal_0,snow_block,,1,,
normal_0,soul_campfire,,1,,
normal_0,soul_lantern,,1,,
normal_0,soul_soil,,1,,
normal_0,soul_torch,,1,,
normal_0,sponge,,1,,
normal_0,spruce_log,,1,,
normal_0,spruce_planks,,1,,
normal_0,sticky_piston,,1,,
normal_0,sugar_cane,,1,,
normal_0,target,,1,,
normal_0,terracotta,,1,,
normal_0,tinted_glass,,1,,
normal_0,tnt,,1,,
normal_0,torch,,1,,
normal_0,tripwire_hook,,1,,
normal_0,tuff,,1,,
normal_0,verdant_froglight,,1,,
normal_0,vine,,1,,
normal_0,warped_planks,,1,,
normal_0,warped_stem,,1,,
normal_0,weathered_copper,,1,,
normal_0,weathered_cut_copper,,1,,
normal_0,wet_sponge,,1,,
normal_0,white_bed,,1,,
normal_0,white_concrete_powder,,1,,
normal_0,white_wool,,1,,
normal_0,wither_skeleton_skull,,1,,
normal_0,yellow_bed,,1,,
normal_0,yellow_concrete_powder,,1,,
normal_0,yellow_wool,,1,,
normal_0,zombie_head,,1,,
normal_1,big_dripleaf_stem,big_dripleaf,1,,
normal_1,black_candle_cake,black_candle,1,,
normal_1,blue_candle_cake,blue_candle,1,,
normal_1,brown_candle_cake,brown_candle,1,,
normal_1,candle_cake,candle,1,,
normal_1,chorus_plant,chorus_fruit,1,,
normal_1,cyan_candle_cake,cyan_candle,1,,
normal_1,flower_pot,terracotta,1,,
normal_1,gray_candle_cake,gray_candle,1,,
normal_1,green_candle_cake,green_candle,1,,
normal_1,kelp_plant,kelp,1,,
normal_1,lava_cauldron,cauldron,1,,
normal_1,light_blue_candle_cake,light_blue_candle,1,,
normal_1,light_gray_candle_cake,light_gray_candle,1,,
normal_1,lime_candle_cake,lime_candle,1,,
normal_1,magenta_candle_cake,magenta_candle,1,,
normal_1,orange_candle_cake,orange_candle,1,,
normal_1,pink_candle_cake,pink_candle,1,,
normal_1,powder_snow_cauldron,cauldron,1,,
normal_1,purple_candle_cake,purple_candle,1,,
normal_1,red_candle_cake,red_candle,1,,
normal_1,redstone_wire,redstone,1,,
normal_1,tripwire,string,1,,
normal_1,twisting_vines_plant,twisting_vines,1,,
normal_1,water_cauldron,cauldron,1,,
normal_1,weeping_vines_plant,weeping_vines,1,,
normal_1,white_candle_cake,white_candle,1,,
normal_1,yellow_candle_cake,yellow_candle,1,,
normal_2,potted_acacia_sapling,terracotta,1,acacia_sapling,1
normal_2,potted_allium,terracotta,1,allium,1
normal_2,potted_azalea_bush,terracotta,1,azalea,1
normal_2,potted_azure_bluet,terracotta,1,azure_bluet,1
normal_2,potted_bamboo,terracotta,1,bamboo,1
normal_2,potted_birch_sapling,terracotta,1,birch_sapling,1
normal_2,potted_blue_orchid,terracotta,1,blue_orchid,1
normal_2,potted_brown_mushroom,terracotta,1,brown_mushroom,1
normal_2,potted_cactus,terracotta,1,cactus,1
normal_2,potted_cornflower,terracotta,1,cornflower,1
normal_2,potted_crimson_fungus,terracotta,1,crimson_fungus,1
normal_2,potted_crimson_roots,terracotta,1,crimson_roots,1
normal_2,potted_dandelion,terracotta,1,dandelion,1
normal_2,potted_dark_oak_sapling,terracotta,1,dark_oak_sapling,1
normal_2,potted_dead_bush,terracotta,1,dead_bush,1
normal_2,potted_fern,terracotta,1,fern,1
normal_2,potted_flowering_azalea_bush,terracotta,1,flowering_azalea,1
normal_2,potted_jungle_sapling,terracotta,1,jungle_sapling,1
normal_2,potted_lily_of_the_valley,terracotta,1,lily_of_the_valley,1
normal_2,potted_mangrove_propagule,terracotta,1,mangrove_propagule,1
normal_2,potted_oak_sapling,terracotta,1,oak_sapling,1
normal_2,potted_orange_tulip,terracotta,1,orange_tulip,1
normal_2,potted_oxeye_daisy,terracotta,1,oxeye_daisy,1
normal_2,potted_pink_tulip,terracotta,1,pink_tulip,1
normal_2,potted_poppy,terracotta,1,poppy,1
normal_2,potted_red_mushroom,terracotta,1,red_mushroom,1
normal_2,potted_red_tulip,terracotta,1,red_tulip,1
normal_2,potted_spruce_sapling,terracotta,1,spruce_sapling,1
normal_2,potted_warped_fungus,terracotta,1,warped_fungus,1
normal_2,potted_warped_roots,terracotta,1,warped_roots,1
normal_2,potted_white_tulip,terracotta,1,white_tulip,1
normal_2,potted_wither_rose,terracotta,1,wither_rose,1
shears_0,acacia_sapling,,1,,
shears_0,allium,,1,,
shears_0,azalea,,1,,
shears_0,azure_bluet,,1,,
shears_0,birch_sapling,,1,,
shears_0,blue_orchid,,1,,
shears_0,brown_mushroom,,1,,
shears_0,cornflower,,1,,
shears_0,crimson_fungus,,1,,
shears_0,crimson_roots,,1,,
shears_0,dandelion,,1,,
shears_0,dark_oak_sapling,,1,,
shears_0,fern,,1,,
shears_0,flowering_azalea,,1,,
shears_0,grass,,1,,
shears_0,hanging_roots,,1,,
shears_0,jungle_sapling,,1,,
shears_0,kelp,,1,,
shears_0,large_fern,,1,,
shears_0,lilac,,1,,
shears_0,lily_of_the_valley,,1,,
shears_0,lily_pad,,1,,
shears_0,mangrove_propagule,,1,,
shears_0,mangrove_roots,,1,,
shears_0,nether_sprouts,,1,,
shears_0,oak_sapling,,1,,
shears_0,orange_tulip,,1,,
shears_0,oxeye_daisy,,1,,
shears_0,peony,,1,,
shears_0,pink_tulip,,1,,
shears_0,poppy,,1,,
shears_0,red_mushroom,,1,,
shears_0,red_tulip,,1,,
shears_0,rose_bush,,1,,
shears_0,seagrass,,1,,
shears_0,small_dripleaf,,1,,
shears_0,spore_blossom,,1,,
shears_0,spruce_sapling,,1,,
shears_0,sunflower,,1,,
shears_0,tall_grass,,1,,
shears_0,twisting_vines,,1,,
shears_0,warped_fungus,,1,,
shears_0,warped_roots,,1,,
shears_0,weeping_vines,,1,,
shears_0,white_tulip,,1,,
shears_0,wither_rose,,1,,
shears_1,black_carpet,black_wool,1,,
shears_1,blue_carpet,blue_wool,1,,
shears_1,brown_carpet,brown_wool,1,,
shears_1,cobweb,string,1,,
shears_1,cyan_carpet,cyan_wool,1,,
shears_1,gray_carpet,gray_wool,1,,
shears_1,green_carpet,green_wool,1,,
shears_1,light_blue_carpet,light_blue_wool,1,,
shears_1,light_gray_carpet,light_gray_wool,1,,
shears_1,lime_carpet,lime_wool,1,,
shears_1,magenta_carpet,magenta_wool,1,,
shears_1,moss_carpet,moss_block,1,,
shears_1,orange_carpet,orange_wool,1,,
shears_1,pink_carpet,pink_wool,1,,
shears_1,purple_carpet,purple_wool,1,,
shears_1,red_carpet,red_wool,1,,
shears_1,white_carpet,white_wool,1,,
shears_1,yellow_carpet,yellow_wool,1,,
silk_0,black_stained_glass,,1,,
silk_0,black_stained_glass_pane,,1,,
silk_0,blue_ice,,1,,
silk_0,blue_stained_glass,,1,,
silk_0,blue_stained_glass_pane,,1,,
silk_0,bookshelf,,1,,
silk_0,brain_coral,,1,,
silk_0,brain_coral_fan,,1,,
silk_0,brown_stained_glass,,1,,
silk_0,brown_stained_glass_pane,,1,,
silk_0,bubble_coral,,1,,
silk_0,bubble_coral_fan,,1,,
silk_0,chain,,1,,
silk_0,cyan_stained_glass,,1,,
silk_0,cyan_stained_glass_pane,,1,,
silk_0,dead_brain_coral,,1,,
silk_0,dead_brain_coral_fan,,1,,
silk_0,dead_bubble_coral,,1,,
silk_0,dead_bubble_coral_fan,,1,,
silk_0,dead_fire_coral,,1,,
silk_0,dead_fire_coral_fan,,1,,
silk_0,dead_horn_coral,,1,,
silk_0,dead_horn_coral_fan,,1,,
silk_0,dead_tube_coral,,1,,
silk_0,dead_tube_coral_fan,,1,,
silk_0,fire_coral,,1,,
silk_0,fire_coral_fan,,1,,
silk_0,frogspawn,,1,,
silk_0,glass,,1,,
silk_0,glass_pane,,1,,
silk_0,gray_stained_glass,,1,,
silk_0,gray_stained_glass_pane,,1,,
silk_0,green_stained_glass,,1,,
silk_0,green_stained_glass_pane,,1,,
silk_0,heavy_weighted_pressure_plate,,1,,
silk_0,horn_coral,,1,,
silk_0,horn_coral_fan,,1,,
silk_0,ice,,1,,
silk_0,iron_bars,,1,,
silk_0,iron_trapdoor,,1,,
silk_0,large_amethyst_bud,,1,,
silk_0,light_blue_stained_glass,,1,,
silk_0,light_blue_stained_glass_pane,,1,,
silk_0,light_gray_stained_glass,,1,,
silk_0,light_gray_stained_glass_pane,,1,,
silk_0,light_weighted_pressure_plate,,1,,
silk_0,lime_stained_glass,,1,,
silk_0,lime_stained_glass_pane,,1,,
silk_0,magenta_stained_glass,,1,,
silk_0,magenta_stained_glass_pane,,1,,
silk_0,medium_amethyst_bud,,1,,
silk_0,orange_stained_glass,,1,,
silk_0,orange_stained_glass_pane,,1,,
silk_0,packed_ice,,1,,
silk_0,pink_stained_glass,,1,,
silk_0,pink_stained_glass_pane,,1,,
silk_0,purple_stained_glass,,1,,
silk_0,purple_stained_glass_pane,,1,,
silk_0,red_stained_glass,,1,,
silk_0,red_stained_glass_pane,,1,,
silk_0,small_amethyst_bud,,1,,
silk_0,tube_coral,,1,,
silk_0,tube_coral_fan,,1,,
silk_0,turtle_egg,,1,,
silk_0,white_stained_glass,,1,,
silk_0,white_stained_glass_pane,,1,,
silk_0,yellow_stained_glass,,1,,
silk_0,yellow_stained_glass_pane,,1,,
silk_1,acacia_button,acacia_planks,1,,
silk_1,acacia_fence,acacia_planks,1,,
silk_1,acacia_fence_gate,acacia_planks,1,,
silk_1,acacia_pressure_plate,acacia_planks,1,,
silk_1,acacia_sign,acacia_planks,1,,
silk_1,acacia_stairs,acacia_planks,1,,
silk_1,acacia_trapdoor,acacia_planks,1,,
silk_1,acacia_wood,acacia_log,1,,
silk_1,amethyst_cluster,amethyst_block,1,,
silk_1,andesite_stairs,andesite,1,,
silk_1,andesite_wall,andesite,1,,
silk_1,birch_button,birch_planks,1,,
silk_1,birch_fence,birch_planks,1,,
silk_1,birch_fence_gate,birch_planks,1,,
silk_1,birch_pressure_plate,birch_planks,1,,
silk_1,birch_sign,birch_planks,1,,
silk_1,birch_stairs,birch_planks,1,,
silk_1,birch_trapdoor,birch_planks,1,,
silk_1,birch_wood,birch_log,1,,
silk_1,black_concrete,black_concrete_powder,1,,
silk_1,black_glazed_terracotta,terracotta,1,,
silk_1,black_terracotta,terracotta,1,,
silk_1,blackstone_stairs,blackstone,1,,
silk_1,blackstone_wall,blackstone,1,,
silk_1,blue_concrete,blue_concrete_powder,1,,
silk_1,blue_glazed_terracotta,terracotta,1,,
silk_1,blue_terracotta,terracotta,1,,
silk_1,brain_coral_block,cobblestone,1,,
silk_1,brick_stairs,terracotta,1,,
silk_1,brick_wall,terracotta,1,,
silk_1,bricks,terracotta,1,,
silk_1,brown_concrete,brown_concrete_powder,1,,
silk_1,brown_glazed_terracotta,terracotta,1,,
silk_1,brown_terracotta,terracotta,1,,
silk_1,bubble_coral_block,cobblestone,1,,
silk_1,chiseled_deepslate,cobbled_deepslate,1,,
silk_1,chiseled_nether_bricks,netherrack,1,,
silk_1,chiseled_polished_blackstone,blackstone,1,,
silk_1,chiseled_quartz_block,quartz_block,1,,
silk_1,chiseled_red_sandstone,red_sand,1,,
silk_1,chiseled_sandstone,sand,1,,
silk_1,chiseled_stone_bricks,cobblestone,1,,
silk_1,coarse_dirt,dirt,1,,
silk_1,cobbled_deepslate_stairs,cobbled_deepslate,1,,
silk_1,cobbled_deepslate_wall,cobbled_deepslate,1,,
silk_1,cobblestone_stairs,cobblestone,1,,
silk_1,cobblestone_wall,cobblestone,1,,
silk_1,cracked_deepslate_bricks,cobbled_deepslate,1,,
silk_1,cracked_deepslate_tiles,cobbled_deepslate,1,,
silk_1,cracked_nether_bricks,netherrack,1,,
silk_1,cracked_polished_blackstone_bricks,blackstone,1,,
silk_1,cracked_stone_bricks,cobblestone,1,,
silk_1,crimson_button,crimson_planks,1,,
silk_1,crimson_fence,crimson_planks,1,,
silk_1,crimson_fence_gate,crimson_planks,1,,
silk_1,crimson_hyphae,crimson_stem,1,,
silk_1,crimson_nylium,netherrack,1,,
silk_1,crimson_pressure_plate,crimson_planks,1,,
silk_1,crimson_sign,crimson_planks,1,,
silk_1,crimson_stairs,crimson_planks,1,,
silk_1,crimson_trapdoor,crimson_planks,1,,
silk_1,cut_copper_stairs,cut_copper,1,,
silk_1,cut_red_sandstone,red_sand,1,,
silk_1,cut_sandstone,sand,1,,
silk_1,cyan_concrete,cyan_concrete_powder,1,,
silk_1,cyan_concrete_powder,cyan_concrete_powder,1,,
silk_1,cyan_terracotta,terracotta,1,,
silk_1,dark_oak_button,dark_oak_planks,1,,
silk_1,dark_oak_fence,dark_oak_planks,1,,
silk_1,dark_oak_fence_gate,dark_oak_planks,1,,
silk_1,dark_oak_pressure_plate,dark_oak_planks,1,,
silk_1,dark_oak_sign,dark_oak_planks,1,,
silk_1,dark_oak_stairs,dark_oak_planks,1,,
silk_1,dark_oak_trapdoor,dark_oak_planks,1,,
silk_1,dark_oak_wood,dark_oak_log,1,,
silk_1,dark_prismarine,prismarine,1,,
silk_1,dark_prismarine_stairs,prismarine,1,,
silk_1,dead_brain_coral_block,cobblestone,1,,
silk_1,dead_bubble_coral_block,cobblestone,1,,
silk_1,dead_fire_coral_block,cobblestone,1,,
silk_1,dead_horn_coral_block,cobblestone,1,,
silk_1,dead_tube_coral_block,cobblestone,1,,
silk_1,deepslate,cobbled_deepslate,1,,
silk_1,deepslate_brick_stairs,cobbled_deepslate,1,,
silk_1,deepslate_brick_wall,cobbled_deepslate,1,,
silk_1,deepslate_bricks,cobbled_deepslate,1,,
silk_1,deepslate_tile_stairs,cobbled_deepslate,1,,
silk_1,deepslate_tile_wall,cobbled_deepslate,1,,
silk_1,deepslate_tiles,cobbled_deepslate,1,,
silk_1,diorite_stairs,diorite,1,,
silk_1,diorite_wall,diorite,1,,
silk_1,dirt_path,dirt,1,,
silk_1,end_stone_brick_stairs,end_stone,1,,
silk_1,end_stone_brick_wall,end_stone,1,,
silk_1,end_stone_bricks,end_stone,1,,
silk_1,ender_chest,obsidian,8,,
silk_1,exposed_cut_copper,exposed_cut_copper,1,,
silk_1,exposed_cut_copper_stairs,exposed_cut_copper,1,,
silk_1,farmland,dirt,1,,
silk_1,fire_coral_block,cobblestone,1,,
silk_1,granite_stairs,granite,1,,
silk_1,granite_wall,granite,1,,
silk_1,grass_block,dirt,1,,
silk_1,gray_concrete,gray_concrete_powder,1,,
silk_1,gray_glazed_terracotta,terracotta,1,,
silk_1,gray_terracotta,terracotta,1,,
silk_1,green_concrete,green_concrete_powder,1,,
silk_1,green_glazed_terracotta,terracotta,1,,
silk_1,green_terracotta,terracotta,1,,
silk_1,horn_coral_block,cobblestone,1,,
silk_1,jungle_button,jungle_planks,1,,
silk_1,jungle_fence,jungle_planks,1,,
silk_1,jungle_fence_gate,jungle_planks,1,,
silk_1,jungle_pressure_plate,jungle_planks,1,,
silk_1,jungle_sign,jungle_planks,1,,
silk_1,jungle_stairs,jungle_planks,1,,
silk_1,jungle_trapdoor,jungle_planks,1,,
silk_1,jungle_wood,jungle_log,1,,
silk_1,lever,cobblestone,1,,
silk_1,light_blue_concrete,light_blue_concrete_powder,1,,
silk_1,light_blue_glazed_terracotta,terracotta,1,,
silk_1,light_blue_terracotta,terracotta,1,,
silk_1,light_gray_concrete,light_gray_concrete_powder,1,,
silk_1,light_gray_glazed_terracotta,terracotta,1,,
silk_1,light_gray_terracotta,terracotta,1,,
silk_1,lightning_rod,copper_ingot,1,,
silk_1,lime_concrete,lime_concrete_powder,1,,
silk_1,lime_glazed_terracotta,terracotta,1,,
silk_1,lime_terracotta,terracotta,1,,
silk_1,magenta_concrete,magenta_concrete_powder,1,,
silk_1,magenta_glazed_terracotta,terracotta,1,,
silk_1,magenta_terracotta,terracotta,1,,
silk_1,mangrove_button,mangrove_planks,1,,
silk_1,mangrove_fence,mangrove_planks,1,,
silk_1,mangrove_fence_gate,mangrove_planks,1,,
silk_1,mangrove_pressure_plate,mangrove_planks,1,,
silk_1,mangrove_sign,mangrove_planks,1,,
silk_1,mangrove_stairs,mangrove_planks,1,,
silk_1,mangrove_trapdoor,mangrove_planks,1,,
silk_1,mangrove_wood,mangrove_log,1,,
silk_1,mossy_cobblestone,cobblestone,1,,
silk_1,mossy_cobblestone_stairs,cobblestone,1,,
silk_1,mossy_cobblestone_wall,cobblestone,1,,
silk_1,mossy_stone_brick_stairs,cobblestone,1,,
silk_1,mossy_stone_brick_wall,cobblestone,1,,
silk_1,mossy_stone_bricks,cobblestone,1,,
silk_1,mud_brick_stairs,packed_mud,1,,
silk_1,mud_brick_wall,packed_mud,1,,
silk_1,mud_bricks,packed_mud,1,,
silk_1,muddy_mangrove_roots,mud,1,,
silk_1,mycelium,dirt,1,,
silk_1,nether_brick_fence,netherrack,1,,
silk_1,nether_brick_stairs,netherrack,1,,
silk_1,nether_brick_wall,netherrack,1,,
silk_1,nether_bricks,netherrack,1,,
silk_1,oak_button,oak_planks,1,,
silk_1,oak_fence,oak_planks,1,,
silk_1,oak_fence_gate,oak_planks,1,,
silk_1,oak_pressure_plate,oak_planks,1,,
silk_1,oak_sign,oak_planks,1,,
silk_1,oak_stairs,oak_planks,1,,
silk_1,oak_trapdoor,oak_planks,1,,
silk_1,oak_wood,oak_log,1,,
silk_1,orange_concrete,orange_concrete_powder,1,,
silk_1,orange_glazed_terracotta,terracotta,1,,
silk_1,orange_terracotta,terracotta,1,,
silk_1,oxidized_cut_copper_stairs,oxidized_cut_copper,1,,
silk_1,pink_concrete,pink_concrete_powder,1,,
silk_1,pink_glazed_terracotta,terracotta,1,,
silk_1,pink_terracotta,terracotta,1,,
silk_1,podzol,dirt,1,,
silk_1,pointed_dripstone,dripstone_block,1,,
silk_1,polished_andesite,andesite,1,,
silk_1,polished_andesite_stairs,andesite,1,,
silk_1,polished_basalt,basalt,1,,
silk_1,polished_blackstone,blackstone,1,,
silk_1,polished_blackstone_brick_stairs,blackstone,1,,
silk_1,polished_blackstone_brick_wall,blackstone,1,,
silk_1,polished_blackstone_bricks,blackstone,1,,
silk_1,polished_blackstone_button,blackstone,1,,
silk_1,polished_blackstone_pressure_plate,blackstone,1,,
silk_1,polished_blackstone_stairs,blackstone,1,,
silk_1,polished_blackstone_wall,blackstone,1,,
silk_1,polished_deepslate,cobbled_deepslate,1,,
silk_1,polished_deepslate_stairs,cobbled_deepslate,1,,
silk_1,polished_deepslate_wall,cobbled_deepslate,1,,
silk_1,polished_diorite,diorite,1,,
silk_1,polished_diorite_stairs,diorite,1,,
silk_1,polished_granite,granite,1,,
silk_1,polished_granite_stairs,granite,1,,
silk_1,prismarine_brick_stairs,prismarine,1,,
silk_1,prismarine_bricks,prismarine,1,,
silk_1,prismarine_stairs,prismarine,1,,
silk_1,prismarine_wall,prismarine,1,,
silk_1,purple_concrete,purple_concrete_powder,1,,
silk_1,purple_glazed_terracotta,terracotta,1,,
silk_1,purple_terracotta,terracotta,1,,
silk_1,purpur_pillar,purpur_block,1,,
silk_1,purpur_stairs,purpur_block,1,,
silk_1,quartz_bricks,quartz_block,1,,
silk_1,quartz_pillar,quartz_block,1,,
silk_1,quartz_stairs,quartz_block,1,,
silk_1,red_concrete,red_concrete_powder,1,,
silk_1,red_glazed_terracotta,terracotta,1,,
silk_1,red_nether_brick_stairs,netherrack,1,,
silk_1,red_nether_brick_wall,netherrack,1,,
silk_1,red_nether_bricks,netherrack,1,,
silk_1,red_sandstone,red_sand,1,,
silk_1,red_sandstone_stairs,red_sand,1,,
silk_1,red_sandstone_wall,red_sand,1,,
silk_1,red_terracotta,terracotta,1,,
silk_1,rooted_dirt,dirt,1,,
silk_1,sandstone,sand,1,,
silk_1,sandstone_stairs,sand,1,,
silk_1,sandstone_wall,sand,1,,
silk_1,smooth_basalt,basalt,1,,
silk_1,smooth_quartz,quartz_block,1,,
silk_1,smooth_quartz_stairs,quartz_block,1,,
silk_1,smooth_red_sandstone,red_sand,1,,
silk_1,smooth_red_sandstone_stairs,red_sand,1,,
silk_1,smooth_sandstone,sand,1,,
silk_1,smooth_sandstone_stairs,sand,1,,
silk_1,smooth_stone,cobblestone,1,,
silk_1,soul_sand,soul_soil,1,,
silk_1,spruce_button,spruce_planks,1,,
silk_1,spruce_fence,spruce_planks,1,,
silk_1,spruce_fence_gate,spruce_planks,1,,
silk_1,spruce_pressure_plate,spruce_planks,1,,
silk_1,spruce_sign,spruce_planks,1,,
silk_1,spruce_stairs,spruce_planks,1,,
silk_1,spruce_trapdoor,spruce_planks,1,,
silk_1,spruce_wood,spruce_log,1,,
silk_1,stone,cobblestone,1,,
silk_1,stone_brick_stairs,cobblestone,1,,
silk_1,stone_brick_wall,cobblestone,1,,
silk_1,stone_bricks,cobblestone,1,,
silk_1,stone_button,cobblestone,1,,
silk_1,stone_pressure_plate,cobblestone,1,,
silk_1,stone_stairs,cobblestone,1,,
silk_1,stripped_acacia_log,acacia_log,1,,
silk_1,stripped_acacia_wood,acacia_log,1,,
silk_1,stripped_birch_log,birch_log,1,,
silk_1,stripped_birch_wood,birch_log,1,,
silk_1,stripped_crimson_hyphae,crimson_stem,1,,
silk_1,stripped_crimson_stem,crimson_stem,1,,
silk_1,stripped_dark_oak_log,dark_oak_log,1,,
silk_1,stripped_dark_oak_wood,dark_oak_log,1,,
silk_1,stripped_jungle_log,jungle_log,1,,
silk_1,stripped_jungle_wood,jungle_log,1,,
silk_1,stripped_mangrove_log,mangrove_log,1,,
silk_1,stripped_mangrove_wood,mangrove_log,1,,
silk_1,stripped_oak_log,oak_log,1,,
silk_1,stripped_oak_wood,oak_log,1,,
silk_1,stripped_spruce_log,spruce_log,1,,
silk_1,stripped_spruce_wood,spruce_log,1,,
silk_1,stripped_warped_hyphae,warped_stem,1,,
silk_1,stripped_warped_stem,warped_stem,1,,
silk_1,tube_coral_block,cobblestone,1,,
silk_1,warped_button,warped_planks,1,,
silk_1,warped_fence,warped_planks,1,,
silk_1,warped_fence_gate,warped_planks,1,,
silk_1,warped_hyphae,warped_stem,1,,
silk_1,warped_nylium,netherrack,1,,
silk_1,warped_pressure_plate,warped_planks,1,,
silk_1,warped_sign,warped_planks,1,,
silk_1,warped_stairs,warped_planks,1,,
silk_1,warped_trapdoor,warped_planks,1,,
silk_1,waxed_copper_block,copper_block,1,,
silk_1,waxed_cut_copper,cut_copper,1,,
silk_1,waxed_cut_copper_stairs,cut_copper,1,,
silk_1,waxed_exposed_copper,exposed_copper,1,,
silk_1,waxed_exposed_cut_copper,exposed_cut_copper,1,,
silk_1,waxed_exposed_cut_copper_stairs,exposed_cut_copper,1,,
silk_1,waxed_oxidized_copper,oxidized_copper,1,,
silk_1,waxed_oxidized_cut_copper,oxidized_cut_copper,1,,
silk_1,waxed_oxidized_cut_copper_stairs,oxidized_cut_copper,1,,
silk_1,waxed_weathered_copper,weathered_copper,1,,
silk_1,waxed_weathered_cut_copper,weathered_cut_copper,1,,
silk_1,waxed_weathered_cut_copper_stairs,weathered_cut_copper,1,,
silk_1,weathered_cut_copper_stairs,weathered_cut_copper,1,,
silk_1,white_concrete,white_concrete_powder,1,,
silk_1,white_glazed_terracotta,terracotta,1,,
silk_1,white_terracotta,terracotta,1,,
silk_1,yellow_concrete,yellow_concrete_powder,1,,
silk_1,yellow_glazed_terracotta,terracotta,1,,
silk_1,yellow_terracotta,terracotta,1,,
slab_1,acacia_slab,acacia_planks,1,,
slab_1,andesite_slab,andesite,1,,
slab_1,birch_slab,birch_planks,1,,
slab_1,blackstone_slab,blackstone,1,,
slab_1,brick_slab,terracotta,1,,
slab_1,cobbled_deepslate_slab,cobbled_deepslate,1,,
slab_1,cobblestone_slab,cobblestone,1,,
slab_1,crimson_slab,crimson_planks,1,,
slab_1,cut_copper_slab,cut_copper,1,,
slab_1,cut_red_sandstone_slab,red_sand,1,,
slab_1,cut_sandstone_slab,sand,1,,
slab_1,dark_oak_slab,dark_oak_planks,1,,
slab_1,dark_prismarine_slab,prismarine,1,,
slab_1,deepslate_brick_slab,cobbled_deepslate,1,,
slab_1,deepslate_tile_slab,cobbled_deepslate,1,,
slab_1,diorite_slab,diorite,1,,
slab_1,end_stone_brick_slab,end_stone,1,,
slab_1,exposed_cut_copper_slab,exposed_cut_copper,1,,
slab_1,granite_slab,granite,1,,
slab_1,jungle_slab,jungle_planks,1,,
slab_1,mangrove_slab,mangrove_planks,1,,
slab_1,mossy_cobblestone_slab,cobblestone,1,,
slab_1,mossy_stone_brick_slab,cobblestone,1,,
slab_1,mud_brick_slab,packed_mud,1,,
slab_1,nether_brick_slab,netherrack,1,,
slab_1,oak_slab,oak_planks,1,,
slab_1,oxidized_cut_copper_slab,oxidized_cut_copper,1,,
slab_1,petrified_oak_slab,cobblestone,1,,
slab_1,polished_andesite_slab,andesite,1,,
slab_1,polished_blackstone_brick_slab,blackstone,1,,
slab_1,polished_blackstone_slab,blackstone,1,,
slab_1,polished_deepslate_slab,cobbled_deepslate,1,,
slab_1,polished_diorite_slab,diorite,1,,
slab_1,polished_granite_slab,granite,1,,
slab_1,prismarine_brick_slab,prismarine,1,,
slab_1,prismarine_slab,prismarine,1,,
slab_1,purpur_slab,purpur_block,1,,
slab_1,quartz_slab,quartz_block,1,,
slab_1,red_nether_brick_slab,netherrack,1,,
slab_1,red_sandstone_slab,red_sand,1,,
slab_1,sandstone_slab,sand,1,,
slab_1,smooth_quartz_slab,quartz_block,1,,
slab_1,smooth_red_sandstone_slab,red_sand,1,,
slab_1,smooth_sandstone_slab,sand,1,,
slab_1,smooth_stone_slab,cobblestone,1,,
slab_1,spruce_slab,spruce_planks,1,,
slab_1,stone_brick_slab,cobblestone,1,,
slab_1,stone_slab,cobblestone,1,,
slab_1,warped_slab,warped_planks,1,,
slab_1,waxed_cut_copper_slab,cut_copper,1,,
slab_1,waxed_exposed_cut_copper_slab,exposed_cut_copper,1,,
slab_1,waxed_oxidized_cut_copper_slab,oxidized_cut_copper,1,,
slab_1,waxed_weathered_cut_copper_slab,weathered_cut_copper,1,,
slab_1,weathered_cut_copper_slab,weathered_cut_copper,1,,
void,budding_amethyst,,,,
void,cake,,,,
void,fire,,,,
void,frosted_ice,,,,
void,nether_portal,,,,
void,powder_snow,,,,
void,reinforced_deepslate,,,,
void,soul_fire,,,,
void,spawner,,,,